Angle difference to Center;Angle difference to target;Center safety zone in degrees;Center visual changed from;Center visual changed to;Current round;Current Target Index X;Current Target Index Y;Email;Event;Eye gaze confidence treshhold;Framecount;Gaze Direction local X;Gaze Direction local Y;Gaze Direction local Z;Gaze Direction world X;Gaze Direction world Y;Gaze Direction world Z;Head Position World X;Head Position World Y;Head Position World Z;Head Rotation Euler World X;Head Rotation Euler World Y;Head Rotation Euler World Z;Number of rounds left;ParticipantID;Pupil time;Scenario;SessionID;Target Position World space X;Target Position World space Y;Target Position World space Z;Target Rotation World space X;Target Rotation World space Y;Target Rotation World space Z;Target safety zone in degrees;Target shape actual;Target shape recognized by user;Target size;Target visual changed from;Target visual changed to;TestID;Time since last event;Timestamp;Unity to pupil time offset;Wall angle from left to right X;Wall angle from left to right Y;Wall angle spread per target;Wall center Index X;Wall center Index Y;Wall center world space position X;Wall center world space position Y;Wall center world space position Z;Wall target count X;Wall target count Y
NULL;NULL;8.0000;NULL;NULL;1;NULL;NULL;NULL;TestStarted;0.6500;53566;0.1054;-0.0754;0.9916;0.0000;0.0000;1.0000;0.0283;1.9094;-1.0261;355.6944;358.0897;357.6319;28;1;2674.29143399149;EyeGaze;NULL;NULL;NULL;NULL;NULL;NULL;NULL;10.0000;NULL;NULL;0.1000;NULL;NULL;1;NULL;05/17/2022 09:19:49;2050.26878994852;60.0000;36.0000;6.0000;5;3;0.3136;1.8500;2.1256;7;11
4.535485;NULL;8.0000;Recenter;TargetFound;1;NULL;NULL;NULL;UserMustRecenter;NULL;53566;0.1054;-0.0754;0.9916;0.0000;0.0000;1.0000;0.0283;1.9094;-1.0261;355.6944;358.0897;357.6319;NULL;NULL;2674.29546231181;NULL;NULL;NULL;NULL;NULL;NULL;NULL;NULL;10.0000;NULL;NULL;NULL;NULL;NULL;NULL;4;05/17/2022 09:19:49;2050.26878994852;NULL;NULL;NULL;5;3;0.3136;1.8500;2.1256;NULL;NULL
3.883024;NULL;8.0000;TargetFound;Recenter;1;NULL;NULL;NULL;UserRecentered;NULL;53716;0.0880;-0.0818;0.9928;0.0571;-0.0061;0.9984;0.0299;1.9098;-1.0267;355.4101;358.4490;357.3529;NULL;NULL;2675.99584072977;NULL;NULL;NULL;NULL;NULL;NULL;NULL;NULL;10.0000;NULL;NULL;NULL;NULL;NULL;NULL;1700;05/17/2022 09:19:51;2050.26878994852;NULL;NULL;NULL;NULL;NULL;NULL;NULL;NULL;NULL;NULL
6.896684;12.6496;8.0000;NULL;NULL;1;4;6;NULL;TargetSpawned;NULL;54027;-0.0572;-0.1876;0.9806;-0.0885;-0.1088;0.9901;0.0294;1.9093;-1.0241;355.5818;358.6662;357.4606;NULL;NULL;2679.50365322977;NULL;NULL;0.0000;0.9229;1.9952;342.0000;180.0000;0.0000;10.0000;NULL;NULL;NULL;NULL;NULL;NULL;3507;05/17/2022 09:19:54;2050.26878994852;NULL;NULL;NULL;NULL;NULL;NULL;NULL;NULL;NULL;NULL
NULL;2.219996;8.0000;NULL;NULL;1;4;6;NULL;TargetLookedAt;NULL;54358;0.0605;-0.3588;0.9314;0.0207;-0.2878;0.9575;0.0316;1.9094;-1.0248;355.5429;358.6477;357.2676;NULL;NULL;2683.25810879618;NULL;NULL;0.0000;0.9229;1.9952;342.0000;180.0000;0.0000;10.0000;NULL;NULL;NULL;NULL;NULL;NULL;3754;05/17/2022 09:19:58;2050.26878994852;NULL;NULL;NULL;NULL;NULL;NULL;NULL;NULL;NULL;NULL
NULL;NULL;NULL;NULL;NULL;1;NULL;NULL;NULL;ShapeAnswer;NULL;55314;0.0852;-0.0859;0.9927;0.0620;0.0037;0.9981;0.0309;1.9105;-1.0221;354.6235;358.9142;357.4787;NULL;NULL;2694.06194180399;NULL;NULL;NULL;NULL;NULL;NULL;NULL;NULL;NULL;Square;Unknown;NULL;NULL;NULL;NULL;10803;05/17/2022 09:20:09;2050.26878994852;NULL;NULL;NULL;NULL;NULL;NULL;NULL;NULL;NULL;NULL
4.344965;NULL;8.0000;Recenter;TargetFound;2;NULL;NULL;NULL;UserMustRecenter;NULL;55314;0.0852;-0.0859;0.9927;0.0620;0.0037;0.9981;0.0309;1.9105;-1.0221;354.6235;358.9142;357.4787;NULL;NULL;2694.06566494852;NULL;NULL;NULL;NULL;NULL;NULL;NULL;NULL;10.0000;NULL;NULL;NULL;NULL;NULL;NULL;3;05/17/2022 09:20:09;2050.26878994852;NULL;NULL;NULL;5;3;0.3136;1.8500;2.1256;NULL;NULL
3.795553;NULL;8.0000;TargetFound;Recenter;2;NULL;NULL;NULL;UserRecentered;NULL;55325;0.0786;-0.1166;0.9901;0.0559;-0.0263;0.9981;0.0313;1.9105;-1.0224;354.5970;359.0048;357.4320;NULL;NULL;2694.1904208079;NULL;NULL;NULL;NULL;NULL;NULL;NULL;NULL;10.0000;NULL;NULL;NULL;NULL;NULL;NULL;124;05/17/2022 09:20:09;2050.26878994852;NULL;NULL;NULL;NULL;NULL;NULL;NULL;NULL;NULL;NULL
1.106768;26.31243;8.0000;NULL;NULL;2;0;5;NULL;TargetSpawned;NULL;55504;0.0278;-0.1040;0.9942;0.0081;-0.0127;0.9999;0.0319;1.9106;-1.0238;354.6893;359.1445;357.4170;NULL;NULL;2696.19011563212;NULL;NULL;-1.1935;1.2263;1.8227;348.0000;156.0000;0.0000;10.0000;NULL;NULL;NULL;NULL;NULL;NULL;1999;05/17/2022 09:20:11;2050.26878994852;NULL;NULL;NULL;NULL;NULL;NULL;NULL;NULL;NULL;NULL
NULL;6.21082;8.0000;NULL;NULL;2;0;5;NULL;TargetLookedAt;NULL;56161;-0.2647;-0.3549;0.8966;-0.2888;-0.2546;0.9229;0.0334;1.9106;-1.0241;354.5440;359.5751;357.1598;NULL;NULL;2703.60234707743;NULL;NULL;-1.1935;1.2263;1.8227;348.0000;156.0000;0.0000;10.0000;NULL;NULL;NULL;NULL;NULL;NULL;7412;05/17/2022 09:20:18;2050.26878994852;NULL;NULL;NULL;NULL;NULL;NULL;NULL;NULL;NULL;NULL
NULL;NULL;NULL;NULL;NULL;2;NULL;NULL;NULL;ShapeAnswer;NULL;57049;0.0663;-0.0768;0.9948;0.0571;0.0209;0.9981;0.0320;1.9109;-1.0258;354.2110;359.6642;357.2106;NULL;NULL;2713.64470547587;NULL;NULL;NULL;NULL;NULL;NULL;NULL;NULL;NULL;Triangle;Unknown;NULL;NULL;NULL;NULL;10042;05/17/2022 09:20:28;2050.26878994852;NULL;NULL;NULL;NULL;NULL;NULL;NULL;NULL;NULL;NULL
4.460103;NULL;8.0000;Recenter;TargetFound;3;NULL;NULL;NULL;UserMustRecenter;NULL;57049;0.0663;-0.0768;0.9948;0.0571;0.0209;0.9981;0.0320;1.9109;-1.0258;354.2110;359.6642;357.2106;NULL;NULL;2713.64855069071;NULL;NULL;NULL;NULL;NULL;NULL;NULL;NULL;10.0000;NULL;NULL;NULL;NULL;NULL;NULL;3;05/17/2022 09:20:28;2050.26878994852;NULL;NULL;NULL;5;3;0.3136;1.8500;2.1256;NULL;NULL
3.547624;NULL;8.0000;TargetFound;Recenter;3;NULL;NULL;NULL;UserRecentered;NULL;57084;0.0602;-0.0945;0.9937;0.0489;0.0001;0.9988;0.0316;1.9106;-1.0256;354.4017;359.6089;357.2665;NULL;NULL;2714.0380770579;NULL;NULL;NULL;NULL;NULL;NULL;NULL;NULL;10.0000;NULL;NULL;NULL;NULL;NULL;NULL;389;05/17/2022 09:20:29;2050.26878994852;NULL;NULL;NULL;NULL;NULL;NULL;NULL;NULL;NULL;NULL
3.572483;25.12357;8.0000;NULL;NULL;3;1;0;NULL;TargetSpawned;NULL;57640;-0.0219;-0.0697;0.9973;-0.0329;0.0382;0.9987;0.0291;1.9118;-1.0266;353.8713;359.5433;357.5401;NULL;NULL;2720.31529873759;NULL;NULL;-1.1605;2.7771;1.7485;18.0000;156.0000;0.0000;10.0000;NULL;NULL;NULL;NULL;NULL;NULL;6277;05/17/2022 09:20:35;2050.26878994852;NULL;NULL;NULL;NULL;NULL;NULL;NULL;NULL;NULL;NULL
NULL;9.839451;8.0000;NULL;NULL;3;1;0;NULL;TargetLookedAt;NULL;57701;-0.2358;0.0901;0.9676;-0.2403;0.1991;0.9501;0.0284;1.9113;-1.0261;354.0783;359.4912;357.6196;NULL;NULL;2720.99718350321;NULL;NULL;-1.1605;2.7771;1.7485;18.0000;156.0000;0.0000;10.0000;NULL;NULL;NULL;NULL;NULL;NULL;681;05/17/2022 09:20:36;2050.26878994852;NULL;NULL;NULL;NULL;NULL;NULL;NULL;NULL;NULL;NULL
NULL;NULL;NULL;NULL;NULL;3;NULL;NULL;NULL;ShapeAnswer;NULL;58217;0.0399;-0.1145;0.9926;0.0275;-0.0151;0.9995;0.0292;1.9111;-1.0264;354.1782;359.5740;357.5078;NULL;NULL;2726.82451504618;NULL;NULL;NULL;NULL;NULL;NULL;NULL;NULL;NULL;Square;Square;NULL;NULL;NULL;NULL;5827;05/17/2022 09:20:41;2050.26878994852;NULL;NULL;NULL;NULL;NULL;NULL;NULL;NULL;NULL;NULL
2.117293;NULL;8.0000;Recenter;TargetFound;4;NULL;NULL;NULL;UserMustRecenter;NULL;58217;0.0399;-0.1145;0.9926;0.0275;-0.0151;0.9995;0.0292;1.9111;-1.0264;354.1782;359.5740;357.5078;NULL;NULL;2726.82823819071;NULL;NULL;NULL;NULL;NULL;NULL;NULL;NULL;10.0000;NULL;NULL;NULL;NULL;NULL;NULL;3;05/17/2022 09:20:41;2050.26878994852;NULL;NULL;NULL;5;3;0.3136;1.8500;2.1256;NULL;NULL
2.086566;NULL;8.0000;TargetFound;Recenter;4;NULL;NULL;NULL;UserRecentered;NULL;58217;0.0392;-0.1138;0.9927;0.0268;-0.0141;0.9995;0.0292;1.9111;-1.0264;354.1782;359.5740;357.5078;NULL;NULL;2726.83531826884;NULL;NULL;NULL;NULL;NULL;NULL;NULL;NULL;10.0000;NULL;NULL;NULL;NULL;NULL;NULL;7;05/17/2022 09:20:42;2050.26878994852;NULL;NULL;NULL;NULL;NULL;NULL;NULL;NULL;NULL;NULL
3.572812;32.48464;8.0000;NULL;NULL;4;0;2;NULL;TargetSpawned;NULL;58397;0.0645;-0.1170;0.9910;0.0530;-0.0228;0.9983;0.0293;1.9105;-1.0258;354.4190;359.6379;357.4858;NULL;NULL;2728.83769863993;NULL;NULL;-1.4918;2.1636;1.7258;6.0000;150.0000;0.0000;10.0000;NULL;NULL;NULL;NULL;NULL;NULL;2002;05/17/2022 09:20:44;2050.26878994852;NULL;NULL;NULL;NULL;NULL;NULL;NULL;NULL;NULL;NULL
NULL;8.949883;8.0000;NULL;NULL;4;0;2;NULL;TargetLookedAt;NULL;58449;-0.3613;-0.1174;0.9250;-0.3686;-0.0097;0.9295;0.0304;1.9106;-1.0255;354.3819;359.8585;357.3795;NULL;NULL;2729.45152920634;NULL;NULL;-1.4918;2.1636;1.7258;6.0000;150.0000;0.0000;10.0000;NULL;NULL;NULL;NULL;NULL;NULL;613;05/17/2022 09:20:44;2050.26878994852;NULL;NULL;NULL;NULL;NULL;NULL;NULL;NULL;NULL;NULL
NULL;NULL;NULL;NULL;NULL;4;NULL;NULL;NULL;ShapeAnswer;NULL;58650;0.0443;-0.0885;0.9951;0.0377;0.0047;0.9993;0.0302;1.9104;-1.0266;354.5415;359.8668;357.3666;NULL;NULL;2731.69475430399;NULL;NULL;NULL;NULL;NULL;NULL;NULL;NULL;NULL;Circle;Square;NULL;NULL;NULL;NULL;2243;05/17/2022 09:20:46;2050.26878994852;NULL;NULL;NULL;NULL;NULL;NULL;NULL;NULL;NULL;NULL
3.036542;NULL;8.0000;Recenter;TargetFound;5;NULL;NULL;NULL;UserMustRecenter;NULL;58650;0.0443;-0.0885;0.9951;0.0377;0.0047;0.9993;0.0302;1.9104;-1.0266;354.5415;359.8668;357.3666;NULL;NULL;2731.69853848368;NULL;NULL;NULL;NULL;NULL;NULL;NULL;NULL;10.0000;NULL;NULL;NULL;NULL;NULL;NULL;3;05/17/2022 09:20:46;2050.26878994852;NULL;NULL;NULL;5;3;0.3136;1.8500;2.1256;NULL;NULL
3.151818;NULL;8.0000;TargetFound;Recenter;5;NULL;NULL;NULL;UserRecentered;NULL;58650;0.0475;-0.0903;0.9948;0.0410;0.0026;0.9992;0.0302;1.9104;-1.0266;354.5415;359.8668;357.3666;NULL;NULL;2731.7060458079;NULL;NULL;NULL;NULL;NULL;NULL;NULL;NULL;10.0000;NULL;NULL;NULL;NULL;NULL;NULL;7;05/17/2022 09:20:46;2050.26878994852;NULL;NULL;NULL;NULL;NULL;NULL;NULL;NULL;NULL;NULL
3.185736;26.93238;8.0000;NULL;NULL;5;2;0;NULL;TargetSpawned;NULL;58827;0.0486;-0.1288;0.9905;0.0413;-0.0407;0.9983;0.0310;1.9097;-1.0253;354.8054;359.9393;357.2648;NULL;NULL;2733.70732754618;NULL;NULL;-0.8817;2.7771;1.8555;18.0000;162.0000;0.0000;10.0000;NULL;NULL;NULL;NULL;NULL;NULL;2001;05/17/2022 09:20:48;2050.26878994852;NULL;NULL;NULL;NULL;NULL;NULL;NULL;NULL;NULL;NULL
NULL;7.653451;8.0000;NULL;NULL;5;2;0;NULL;TargetLookedAt;NULL;58881;-0.2506;0.0555;0.9665;-0.2483;0.1555;0.9561;0.0314;1.9100;-1.0259;354.7995;359.9521;357.0957;NULL;NULL;2734.31029385477;NULL;NULL;-0.8817;2.7771;1.8555;18.0000;162.0000;0.0000;10.0000;NULL;NULL;NULL;NULL;NULL;NULL;602;05/17/2022 09:20:49;2050.26878994852;NULL;NULL;NULL;NULL;NULL;NULL;NULL;NULL;NULL;NULL
NULL;NULL;NULL;NULL;NULL;5;NULL;NULL;NULL;ShapeAnswer;NULL;59036;0.0168;-0.0864;0.9961;0.0124;0.0099;0.9999;0.0308;1.9105;-1.0263;354.4572;0.0108;357.2032;NULL;NULL;2736.03929776102;NULL;NULL;NULL;NULL;NULL;NULL;NULL;NULL;NULL;Square;Square;NULL;NULL;NULL;NULL;1729;05/17/2022 09:20:51;2050.26878994852;NULL;NULL;NULL;NULL;NULL;NULL;NULL;NULL;NULL;NULL
2.084689;NULL;8.0000;Recenter;TargetFound;6;NULL;NULL;NULL;UserMustRecenter;NULL;59036;0.0168;-0.0864;0.9961;0.0124;0.0099;0.9999;0.0308;1.9105;-1.0263;354.4572;0.0108;357.2032;NULL;NULL;2736.04308194071;NULL;NULL;NULL;NULL;NULL;NULL;NULL;NULL;10.0000;NULL;NULL;NULL;NULL;NULL;NULL;3;05/17/2022 09:20:51;2050.26878994852;NULL;NULL;NULL;5;3;0.3136;1.8500;2.1256;NULL;NULL
1.956648;NULL;8.0000;TargetFound;Recenter;6;NULL;NULL;NULL;UserRecentered;NULL;59036;0.0171;-0.0894;0.9958;0.0129;0.0064;0.9999;0.0308;1.9105;-1.0263;354.4572;0.0108;357.2032;NULL;NULL;2736.05016201884;NULL;NULL;NULL;NULL;NULL;NULL;NULL;NULL;10.0000;NULL;NULL;NULL;NULL;NULL;NULL;7;05/17/2022 09:20:51;2050.26878994852;NULL;NULL;NULL;NULL;NULL;NULL;NULL;NULL;NULL;NULL
2.3354;21.87057;8.0000;NULL;NULL;6;8;0;NULL;TargetSpawned;NULL;59213;0.0319;-0.0958;0.9949;0.0271;-0.0022;0.9996;0.0317;1.9104;-1.0268;354.5389;-0.0017;357.1500;NULL;NULL;2738.05254238993;NULL;NULL;0.8817;2.7771;1.8555;18.0000;198.0000;0.0000;10.0000;NULL;NULL;NULL;NULL;NULL;NULL;2002;05/17/2022 09:20:53;2050.26878994852;NULL;NULL;NULL;NULL;NULL;NULL;NULL;NULL;NULL;NULL
NULL;5.80728;8.0000;NULL;NULL;6;8;0;NULL;TargetLookedAt;NULL;59260;0.2482;0.1100;0.9625;0.2513;0.1826;0.9505;0.0309;1.9096;-1.0257;354.9417;359.8895;357.2949;NULL;NULL;2738.5771395579;NULL;NULL;0.8817;2.7771;1.8555;18.0000;198.0000;0.0000;10.0000;NULL;NULL;NULL;NULL;NULL;NULL;524;05/17/2022 09:20:53;2050.26878994852;NULL;NULL;NULL;NULL;NULL;NULL;NULL;NULL;NULL;NULL
NULL;NULL;NULL;NULL;NULL;6;NULL;NULL;NULL;ShapeAnswer;NULL;59398;0.0527;-0.0746;0.9958;0.0479;0.0213;0.9986;0.0305;1.9107;-1.0279;354.3233;359.9485;357.2683;NULL;NULL;2740.1162020579;NULL;NULL;NULL;NULL;NULL;NULL;NULL;NULL;NULL;Circle;Circle;NULL;NULL;NULL;NULL;1539;05/17/2022 09:20:55;2050.26878994852;NULL;NULL;NULL;NULL;NULL;NULL;NULL;NULL;NULL;NULL
4.060425;NULL;8.0000;Recenter;TargetFound;7;NULL;NULL;NULL;UserMustRecenter;NULL;59398;0.0527;-0.0746;0.9958;0.0479;0.0213;0.9986;0.0305;1.9107;-1.0279;354.3233;359.9485;357.2683;NULL;NULL;2740.12016934306;NULL;NULL;NULL;NULL;NULL;NULL;NULL;NULL;10.0000;NULL;NULL;NULL;NULL;NULL;NULL;3;05/17/2022 09:20:55;2050.26878994852;NULL;NULL;NULL;5;3;0.3136;1.8500;2.1256;NULL;NULL
3.2895;NULL;8.0000;TargetFound;Recenter;7;NULL;NULL;NULL;UserRecentered;NULL;59410;0.0311;-0.0729;0.9969;0.0285;0.0236;0.9993;0.0311;1.9106;-1.0279;354.3827;0.0585;357.2112;NULL;NULL;2740.25725430399;NULL;NULL;NULL;NULL;NULL;NULL;NULL;NULL;10.0000;NULL;NULL;NULL;NULL;NULL;NULL;137;05/17/2022 09:20:55;2050.26878994852;NULL;NULL;NULL;NULL;NULL;NULL;NULL;NULL;NULL;NULL
4.802201;28.14103;8.0000;NULL;NULL;7;0;4;NULL;TargetSpawned;NULL;59646;0.0752;-0.0908;0.9930;0.0714;0.0005;0.9974;0.0319;1.9103;-1.0271;354.5353;0.0524;357.0482;NULL;NULL;2742.92198819071;NULL;NULL;-1.2135;1.5364;1.8676;354.0000;156.0000;0.0000;10.0000;NULL;NULL;NULL;NULL;NULL;NULL;2664;05/17/2022 09:20:58;2050.26878994852;NULL;NULL;NULL;NULL;NULL;NULL;NULL;NULL;NULL;NULL
NULL;6.760104;8.0000;NULL;NULL;7;0;4;NULL;TargetLookedAt;NULL;59703;-0.2729;-0.2560;0.9274;-0.2846;-0.1509;0.9467;0.0321;1.9106;-1.0284;354.4653;0.0760;357.0264;NULL;NULL;2743.55846280009;NULL;NULL;-1.2135;1.5364;1.8676;354.0000;156.0000;0.0000;10.0000;NULL;NULL;NULL;NULL;NULL;NULL;636;05/17/2022 09:20:58;2050.26878994852;NULL;NULL;NULL;NULL;NULL;NULL;NULL;NULL;NULL;NULL
NULL;NULL;NULL;NULL;NULL;7;NULL;NULL;NULL;ShapeAnswer;NULL;59875;0.0422;-0.0538;0.9977;0.0430;0.0363;0.9984;0.0327;1.9100;-1.0266;354.6986;0.2353;356.9513;NULL;NULL;2745.52159756571;NULL;NULL;NULL;NULL;NULL;NULL;NULL;NULL;NULL;Square;Square;NULL;NULL;NULL;NULL;1963;05/17/2022 09:21:00;2050.26878994852;NULL;NULL;NULL;NULL;NULL;NULL;NULL;NULL;NULL;NULL
4.420757;NULL;8.0000;Recenter;TargetFound;8;NULL;NULL;NULL;UserMustRecenter;NULL;59875;0.0422;-0.0538;0.9977;0.0430;0.0363;0.9984;0.0327;1.9100;-1.0266;354.6986;0.2353;356.9513;NULL;NULL;2745.52544278056;NULL;NULL;NULL;NULL;NULL;NULL;NULL;NULL;10.0000;NULL;NULL;NULL;NULL;NULL;NULL;3;05/17/2022 09:21:00;2050.26878994852;NULL;NULL;NULL;5;3;0.3136;1.8500;2.1256;NULL;NULL
2.281476;NULL;8.0000;TargetFound;Recenter;8;NULL;NULL;NULL;UserRecentered;NULL;59877;0.0283;-0.0967;0.9949;0.0271;-0.0053;0.9996;0.0327;1.9100;-1.0266;354.6730;0.2239;356.9799;NULL;NULL;2745.54668301493;NULL;NULL;NULL;NULL;NULL;NULL;NULL;NULL;10.0000;NULL;NULL;NULL;NULL;NULL;NULL;21;05/17/2022 09:21:00;2050.26878994852;NULL;NULL;NULL;NULL;NULL;NULL;NULL;NULL;NULL;NULL
1.549397;21.30894;8.0000;NULL;NULL;8;3;0;NULL;TargetSpawned;NULL;60055;0.0172;-0.1081;0.9940;0.0156;-0.0191;0.9997;0.0363;1.9103;-1.0270;354.8372;0.3210;356.1788;NULL;NULL;2747.54216641337;NULL;NULL;-0.5932;2.7771;1.9328;18.0000;168.0000;0.0000;10.0000;NULL;NULL;NULL;NULL;NULL;NULL;1995;05/17/2022 09:21:02;2050.26878994852;NULL;NULL;NULL;NULL;NULL;NULL;NULL;NULL;NULL;NULL
NULL;9.189556;8.0000;NULL;NULL;8;3;0;NULL;TargetLookedAt;NULL;60109;-0.1489;0.0390;0.9881;-0.1386;0.1331;0.9814;0.0347;1.9099;-1.0267;355.0702;0.4382;356.3614;NULL;NULL;2748.1464754954;NULL;NULL;-0.5932;2.7771;1.9328;18.0000;168.0000;0.0000;10.0000;NULL;NULL;NULL;NULL;NULL;NULL;604;05/17/2022 09:21:03;2050.26878994852;NULL;NULL;NULL;NULL;NULL;NULL;NULL;NULL;NULL;NULL
NULL;NULL;NULL;NULL;NULL;8;NULL;NULL;NULL;ShapeAnswer;NULL;60305;0.0489;-0.0770;0.9958;0.0442;0.0165;0.9989;0.0301;1.9105;-1.0278;354.5018;359.9324;357.2070;NULL;NULL;2750.38024014384;NULL;NULL;NULL;NULL;NULL;NULL;NULL;NULL;NULL;Triangle;Triangle;NULL;NULL;NULL;NULL;2233;05/17/2022 09:21:05;2050.26878994852;NULL;NULL;NULL;NULL;NULL;NULL;NULL;NULL;NULL;NULL
3.678072;NULL;8.0000;Recenter;TargetFound;9;NULL;NULL;NULL;UserMustRecenter;NULL;60305;0.0489;-0.0770;0.9958;0.0442;0.0165;0.9989;0.0301;1.9105;-1.0278;354.5018;359.9324;357.2070;NULL;NULL;2750.38408535868;NULL;NULL;NULL;NULL;NULL;NULL;NULL;NULL;10.0000;NULL;NULL;NULL;NULL;NULL;NULL;3;05/17/2022 09:21:05;2050.26878994852;NULL;NULL;NULL;5;3;0.3136;1.8500;2.1256;NULL;NULL
3.678072;NULL;8.0000;TargetFound;Recenter;9;NULL;NULL;NULL;UserRecentered;NULL;60305;0.0489;-0.0770;0.9958;0.0439;0.0165;0.9989;0.0301;1.9105;-1.0278;354.5018;359.9324;357.2070;NULL;NULL;2750.39116543681;NULL;NULL;NULL;NULL;NULL;NULL;NULL;NULL;10.0000;NULL;NULL;NULL;NULL;NULL;NULL;7;05/17/2022 09:21:05;2050.26878994852;NULL;NULL;NULL;NULL;NULL;NULL;NULL;NULL;NULL;NULL
3.164464;33.43624;8.0000;NULL;NULL;9;10;4;NULL;TargetSpawned;NULL;60593;0.0475;-0.0970;0.9941;0.0441;-0.0073;0.9990;0.0312;1.9101;-1.0277;354.7076;0.1066;356.9549;NULL;NULL;2753.65257901102;NULL;NULL;-1.4672;1.2263;1.6833;348.0000;150.0000;0.0000;10.0000;NULL;NULL;NULL;NULL;NULL;NULL;3261;05/17/2022 09:21:08;2050.26878994852;NULL;NULL;NULL;NULL;NULL;NULL;NULL;NULL;NULL;NULL
NULL;8.375408;8.0000;NULL;NULL;9;10;4;NULL;TargetLookedAt;NULL;60651;-0.3259;-0.3081;0.8938;-0.3400;-0.2114;0.9164;0.0307;1.9097;-1.0274;354.9504;0.0702;357.0884;NULL;NULL;2754.29192227274;NULL;NULL;-1.4672;1.2263;1.6833;348.0000;150.0000;0.0000;10.0000;NULL;NULL;NULL;NULL;NULL;NULL;639;05/17/2022 09:21:09;2050.26878994852;NULL;NULL;NULL;NULL;NULL;NULL;NULL;NULL;NULL;NULL
NULL;NULL;NULL;NULL;NULL;9;NULL;NULL;NULL;ShapeAnswer;NULL;60841;0.0392;-0.0623;0.9973;0.0363;0.0231;0.9991;0.0301;1.9097;-1.0273;355.0086;0.0262;357.1825;NULL;NULL;2756.46489590556;NULL;NULL;NULL;NULL;NULL;NULL;NULL;NULL;NULL;Circle;Square;NULL;NULL;NULL;NULL;2172;05/17/2022 09:21:11;2050.26878994852;NULL;NULL;NULL;NULL;NULL;NULL;NULL;NULL;NULL;NULL
3.5587;NULL;8.0000;Recenter;TargetFound;10;NULL;NULL;NULL;UserMustRecenter;NULL;60841;0.0392;-0.0623;0.9973;0.0363;0.0231;0.9991;0.0301;1.9097;-1.0273;355.0086;0.0262;357.1825;NULL;NULL;2756.46868008524;NULL;NULL;NULL;NULL;NULL;NULL;NULL;NULL;10.0000;NULL;NULL;NULL;NULL;NULL;NULL;3;05/17/2022 09:21:11;2050.26878994852;NULL;NULL;NULL;5;3;0.3136;1.8500;2.1256;NULL;NULL
2.713609;NULL;8.0000;TargetFound;Recenter;10;NULL;NULL;NULL;UserRecentered;NULL;60841;0.0424;-0.1019;0.9939;0.0378;-0.0170;0.9991;0.0301;1.9097;-1.0273;355.0086;0.0262;357.1825;NULL;NULL;2756.47618740946;NULL;NULL;NULL;NULL;NULL;NULL;NULL;NULL;10.0000;NULL;NULL;NULL;NULL;NULL;NULL;7;05/17/2022 09:21:11;2050.26878994852;NULL;NULL;NULL;NULL;NULL;NULL;NULL;NULL;NULL;NULL
1.298147;16.94911;8.0000;NULL;NULL;10;5;6;NULL;TargetSpawned;NULL;61020;0.0102;-0.0721;0.9973;0.0096;-0.0295;0.9995;0.0306;1.9054;-1.0248;357.5318;0.1514;357.3658;NULL;NULL;2758.46947354227;NULL;NULL;0.2982;0.9229;1.9795;342.0000;186.0000;0.0000;10.0000;NULL;NULL;NULL;NULL;NULL;NULL;1993;05/17/2022 09:21:13;2050.26878994852;NULL;NULL;NULL;NULL;NULL;NULL;NULL;NULL;NULL;NULL
NULL;7.670664;8.0000;NULL;NULL;10;5;6;NULL;TargetLookedAt;NULL;61052;0.0768;-0.2195;0.9726;0.0701;-0.1810;0.9810;0.0309;1.9053;-1.0249;357.5531;0.2041;357.3622;NULL;NULL;2758.86046475321;NULL;NULL;0.2982;0.9229;1.9795;342.0000;186.0000;0.0000;10.0000;NULL;NULL;NULL;NULL;NULL;NULL;390;05/17/2022 09:21:14;2050.26878994852;NULL;NULL;NULL;NULL;NULL;NULL;NULL;NULL;NULL;NULL
NULL;NULL;NULL;NULL;NULL;10;NULL;NULL;NULL;ShapeAnswer;NULL;61214;-0.0102;0.0399;0.9992;-0.0091;0.0908;0.9958;0.0293;1.9060;-1.0249;357.1279;359.9836;357.6211;NULL;NULL;2760.67595547587;NULL;NULL;NULL;NULL;NULL;NULL;NULL;NULL;NULL;Square;Square;NULL;NULL;NULL;NULL;1815;05/17/2022 09:21:15;2050.26878994852;NULL;NULL;NULL;NULL;NULL;NULL;NULL;NULL;NULL;NULL
6.194004;NULL;8.0000;Recenter;TargetFound;11;NULL;NULL;NULL;UserMustRecenter;NULL;61214;-0.0102;0.0399;0.9992;-0.0091;0.0908;0.9958;0.0293;1.9060;-1.0249;357.1279;359.9836;357.6211;NULL;NULL;2760.6796786204;NULL;NULL;NULL;NULL;NULL;NULL;NULL;NULL;10.0000;NULL;NULL;NULL;NULL;NULL;NULL;3;05/17/2022 09:21:15;2050.26878994852;NULL;NULL;NULL;5;3;0.3136;1.8500;2.1256;NULL;NULL
2.652989;NULL;8.0000;TargetFound;Recenter;11;NULL;NULL;NULL;UserRecentered;NULL;61239;0.0371;-0.0644;0.9972;0.0366;-0.0178;0.9992;0.0307;1.9061;-1.0239;357.2334;0.1419;357.4122;NULL;NULL;2760.96019619852;NULL;NULL;NULL;NULL;NULL;NULL;NULL;NULL;10.0000;NULL;NULL;NULL;NULL;NULL;NULL;280;05/17/2022 09:21:16;2050.26878994852;NULL;NULL;NULL;NULL;NULL;NULL;NULL;NULL;NULL;NULL
2.131573;18.26044;8.0000;NULL;NULL;11;3;6;NULL;TargetSpawned;NULL;61486;0.0296;-0.0761;0.9967;0.0270;-0.0251;0.9993;0.0299;1.9065;-1.0250;357.0060;0.0485;357.4692;NULL;NULL;2763.76433438212;NULL;NULL;-0.2982;0.9229;1.9795;342.0000;174.0000;0.0000;10.0000;NULL;NULL;NULL;NULL;NULL;NULL;2804;05/17/2022 09:21:18;2050.26878994852;NULL;NULL;NULL;NULL;NULL;NULL;NULL;NULL;NULL;NULL
NULL;4.008927;8.0000;NULL;NULL;11;3;6;NULL;TargetLookedAt;NULL;61545;-0.0184;-0.3596;0.9329;-0.0335;-0.3067;0.9512;0.0298;1.9068;-1.0258;356.8567;0.0494;357.4634;NULL;NULL;2764.42735928446;NULL;NULL;-0.2982;0.9229;1.9795;342.0000;174.0000;0.0000;10.0000;NULL;NULL;NULL;NULL;NULL;NULL;663;05/17/2022 09:21:19;2050.26878994852;NULL;NULL;NULL;NULL;NULL;NULL;NULL;NULL;NULL;NULL
NULL;NULL;NULL;NULL;NULL;11;NULL;NULL;NULL;ShapeAnswer;NULL;61672;0.0764;-0.0726;0.9944;0.0669;-0.0189;0.9976;0.0288;1.9069;-1.0252;356.7578;359.6492;357.5676;NULL;NULL;2765.88347500712;NULL;NULL;NULL;NULL;NULL;NULL;NULL;NULL;NULL;Square;Square;NULL;NULL;NULL;NULL;1456;05/17/2022 09:21:21;2050.26878994852;NULL;NULL;NULL;NULL;NULL;NULL;NULL;NULL;NULL;NULL
4.370136;NULL;8.0000;Recenter;TargetFound;12;NULL;NULL;NULL;UserMustRecenter;NULL;61672;0.0764;-0.0726;0.9944;0.0669;-0.0189;0.9976;0.0288;1.9069;-1.0252;356.7578;359.6492;357.5676;NULL;NULL;2765.88725918681;NULL;NULL;NULL;NULL;NULL;NULL;NULL;NULL;10.0000;NULL;NULL;NULL;NULL;NULL;NULL;3;05/17/2022 09:21:21;2050.26878994852;NULL;NULL;NULL;5;3;0.3136;1.8500;2.1256;NULL;NULL
3.493903;NULL;8.0000;TargetFound;Recenter;12;NULL;NULL;NULL;UserRecentered;NULL;61672;0.0593;-0.0597;0.9964;0.0506;-0.0058;0.9987;0.0288;1.9069;-1.0252;356.7578;359.6492;357.5676;NULL;NULL;2765.89446133524;NULL;NULL;NULL;NULL;NULL;NULL;NULL;NULL;10.0000;NULL;NULL;NULL;NULL;NULL;NULL;7;05/17/2022 09:21:21;2050.26878994852;NULL;NULL;NULL;NULL;NULL;NULL;NULL;NULL;NULL;NULL
2.192139;30.59454;8.0000;NULL;NULL;12;0;1;NULL;TargetSpawned;NULL;61852;0.0059;-0.0408;0.9992;0.0063;0.0168;0.9998;0.0303;1.9071;-1.0262;356.6884;0.1318;357.3651;NULL;NULL;2767.89684170634;NULL;NULL;-1.4672;2.4737;1.6833;12.0000;150.0000;0.0000;10.0000;NULL;NULL;NULL;NULL;NULL;NULL;2002;05/17/2022 09:21:23;2050.26878994852;NULL;NULL;NULL;NULL;NULL;NULL;NULL;NULL;NULL;NULL
NULL;4.415215;8.0000;NULL;NULL;12;0;1;NULL;TargetLookedAt;NULL;61914;-0.4392;0.0527;0.8968;-0.4377;0.1202;0.8911;0.0283;1.9068;-1.0251;356.8241;359.9370;357.6535;NULL;NULL;2768.58910244852;NULL;NULL;-1.4672;2.4737;1.6833;12.0000;150.0000;0.0000;10.0000;NULL;NULL;NULL;NULL;NULL;NULL;692;05/17/2022 09:21:23;2050.26878994852;NULL;NULL;NULL;NULL;NULL;NULL;NULL;NULL;NULL;NULL
NULL;NULL;NULL;NULL;NULL;12;NULL;NULL;NULL;ShapeAnswer;NULL;62233;0.0645;-0.0910;0.9938;0.0535;-0.0160;0.9984;0.0266;1.9088;-1.0293;355.5712;359.5398;357.8915;NULL;NULL;2772.19444912821;NULL;NULL;NULL;NULL;NULL;NULL;NULL;NULL;NULL;Triangle;Triangle;NULL;NULL;NULL;NULL;3605;05/17/2022 09:21:27;2050.26878994852;NULL;NULL;NULL;NULL;NULL;NULL;NULL;NULL;NULL;NULL
3.527755;NULL;8.0000;Recenter;TargetFound;13;NULL;NULL;NULL;UserMustRecenter;NULL;62233;0.0645;-0.0910;0.9938;0.0535;-0.0160;0.9984;0.0266;1.9088;-1.0293;355.5712;359.5398;357.8915;NULL;NULL;2772.19817227274;NULL;NULL;NULL;NULL;NULL;NULL;NULL;NULL;10.0000;NULL;NULL;NULL;NULL;NULL;NULL;3;05/17/2022 09:21:27;2050.26878994852;NULL;NULL;NULL;5;3;0.3136;1.8500;2.1256;NULL;NULL
3.472262;NULL;8.0000;TargetFound;Recenter;13;NULL;NULL;NULL;UserRecentered;NULL;62233;0.0625;-0.0831;0.9946;0.0513;-0.0083;0.9986;0.0266;1.9088;-1.0293;355.5712;359.5398;357.8915;NULL;NULL;2772.20531338602;NULL;NULL;NULL;NULL;NULL;NULL;NULL;NULL;10.0000;NULL;NULL;NULL;NULL;NULL;NULL;7;05/17/2022 09:21:27;2050.26878994852;NULL;NULL;NULL;NULL;NULL;NULL;NULL;NULL;NULL;NULL
1.67351;18.08039;8.0000;NULL;NULL;13;4;0;NULL;TargetSpawned;NULL;62408;0.0322;-0.0787;0.9964;0.0198;-0.0098;0.9998;0.0257;1.9081;-1.0275;355.9836;359.4490;357.9947;NULL;NULL;2774.2070223704;NULL;NULL;-0.2982;2.7771;1.9795;18.0000;174.0000;0.0000;10.0000;NULL;NULL;NULL;NULL;NULL;NULL;2001;05/17/2022 09:21:29;2050.26878994852;NULL;NULL;NULL;NULL;NULL;NULL;NULL;NULL;NULL;NULL
NULL;4.613672;8.0000;NULL;NULL;13;4;0;NULL;TargetLookedAt;NULL;62453;-0.0841;0.1263;0.9884;-0.0868;0.1998;0.9760;0.0263;1.9084;-1.0281;355.8935;359.5582;357.8435;NULL;NULL;2774.70964688212;NULL;NULL;-0.2982;2.7771;1.9795;18.0000;174.0000;0.0000;10.0000;NULL;NULL;NULL;NULL;NULL;NULL;502;05/17/2022 09:21:29;2050.26878994852;NULL;NULL;NULL;NULL;NULL;NULL;NULL;NULL;NULL;NULL
NULL;NULL;NULL;NULL;NULL;13;NULL;NULL;NULL;ShapeAnswer;NULL;62581;0.0106;-0.0496;0.9987;0.0017;0.0253;0.9997;0.0258;1.9087;-1.0287;355.6843;359.5261;358.0297;NULL;NULL;2776.14507168681;NULL;NULL;NULL;NULL;NULL;NULL;NULL;NULL;NULL;Triangle;Triangle;NULL;NULL;NULL;NULL;1435;05/17/2022 09:21:31;2050.26878994852;NULL;NULL;NULL;NULL;NULL;NULL;NULL;NULL;NULL;NULL
2.564909;NULL;8.0000;Recenter;TargetFound;14;NULL;NULL;NULL;UserMustRecenter;NULL;62581;0.0106;-0.0496;0.9987;0.0017;0.0253;0.9997;0.0258;1.9087;-1.0287;355.6843;359.5261;358.0297;NULL;NULL;2776.14891690165;NULL;NULL;NULL;NULL;NULL;NULL;NULL;NULL;10.0000;NULL;NULL;NULL;NULL;NULL;NULL;3;05/17/2022 09:21:31;2050.26878994852;NULL;NULL;NULL;5;3;0.3136;1.8500;2.1256;NULL;NULL
2.810976;NULL;8.0000;TargetFound;Recenter;14;NULL;NULL;NULL;UserRecentered;NULL;62581;0.0124;-0.0455;0.9989;0.0026;0.0294;0.9996;0.0258;1.9087;-1.0287;355.6843;359.5261;358.0297;NULL;NULL;2776.15618008524;NULL;NULL;NULL;NULL;NULL;NULL;NULL;NULL;10.0000;NULL;NULL;NULL;NULL;NULL;NULL;7;05/17/2022 09:21:31;2050.26878994852;NULL;NULL;NULL;NULL;NULL;NULL;NULL;NULL;NULL;NULL
3.944715;19.41902;8.0000;NULL;NULL;14;6;6;NULL;TargetSpawned;NULL;62757;0.0730;-0.0659;0.9952;0.0588;-0.0020;0.9983;0.0254;1.9081;-1.0297;356.2119;359.2944;358.4292;NULL;NULL;2778.14995449931;NULL;NULL;0.5932;0.9229;1.9328;342.0000;192.0000;0.0000;10.0000;NULL;NULL;NULL;NULL;NULL;NULL;1993;05/17/2022 09:21:33;2050.26878994852;NULL;NULL;NULL;NULL;NULL;NULL;NULL;NULL;NULL;NULL
NULL;2.297206;8.0000;NULL;NULL;14;6;6;NULL;TargetLookedAt;NULL;62813;0.2230;-0.3331;0.9161;0.1994;-0.2766;0.9401;0.0253;1.9084;-1.0312;356.1935;359.0243;358.6933;NULL;NULL;2778.77562588602;NULL;NULL;0.5932;0.9229;1.9328;342.0000;192.0000;0.0000;10.0000;NULL;NULL;NULL;NULL;NULL;NULL;625;05/17/2022 09:21:33;2050.26878994852;NULL;NULL;NULL;NULL;NULL;NULL;NULL;NULL;NULL;NULL
NULL;NULL;NULL;NULL;NULL;14;NULL;NULL;NULL;ShapeAnswer;NULL;62943;0.0310;-0.0959;0.9949;0.0073;-0.0322;0.9995;0.0196;1.9130;-1.0586;356.2931;358.9747;357.4948;NULL;NULL;2780.24297207743;NULL;NULL;NULL;NULL;NULL;NULL;NULL;NULL;NULL;Triangle;Triangle;NULL;NULL;NULL;NULL;1467;05/17/2022 09:21:35;2050.26878994852;NULL;NULL;NULL;NULL;NULL;NULL;NULL;NULL;NULL;NULL
1.135911;NULL;8.0000;Recenter;TargetFound;15;NULL;NULL;NULL;UserMustRecenter;NULL;62943;0.0310;-0.0959;0.9949;0.0073;-0.0322;0.9995;0.0196;1.9130;-1.0586;356.2931;358.9747;357.4948;NULL;NULL;2780.24816006571;NULL;NULL;NULL;NULL;NULL;NULL;NULL;NULL;10.0000;NULL;NULL;NULL;NULL;NULL;NULL;5;05/17/2022 09:21:35;2050.26878994852;NULL;NULL;NULL;5;3;0.3136;1.8500;2.1256;NULL;NULL
1.435314;NULL;8.0000;TargetFound;Recenter;15;NULL;NULL;NULL;UserRecentered;NULL;62943;0.0361;-0.0977;0.9946;0.0139;-0.0347;0.9993;0.0196;1.9130;-1.0586;356.2931;358.9747;357.4948;NULL;NULL;2780.25951260477;NULL;NULL;NULL;NULL;NULL;NULL;NULL;NULL;10.0000;NULL;NULL;NULL;NULL;NULL;NULL;11;05/17/2022 09:21:35;2050.26878994852;NULL;NULL;NULL;NULL;NULL;NULL;NULL;NULL;NULL;NULL
4.322006;36.62565;8.0000;NULL;NULL;15;10;5;NULL;TargetSpawned;NULL;63118;0.0516;-0.0403;0.9979;0.0415;0.0379;0.9984;0.0258;1.9104;-1.0471;355.3438;359.5650;356.5653;NULL;NULL;2782.25719326884;NULL;NULL;-1.4266;0.9229;1.6129;342.0000;150.0000;0.0000;10.0000;NULL;NULL;NULL;NULL;NULL;NULL;1997;05/17/2022 09:21:37;2050.26878994852;NULL;NULL;NULL;NULL;NULL;NULL;NULL;NULL;NULL;NULL
NULL;6.774711;8.0000;NULL;NULL;15;10;5;NULL;TargetLookedAt;NULL;63180;-0.3159;-0.3781;0.8702;-0.3480;-0.3169;0.8823;0.0250;1.9073;-1.0452;357.1673;359.2258;356.8859;NULL;NULL;2782.94133633524;NULL;NULL;-1.4266;0.9229;1.6129;342.0000;150.0000;0.0000;10.0000;NULL;NULL;NULL;NULL;NULL;NULL;684;05/17/2022 09:21:38;2050.26878994852;NULL;NULL;NULL;NULL;NULL;NULL;NULL;NULL;NULL;NULL
NULL;NULL;NULL;NULL;NULL;15;NULL;NULL;NULL;ShapeAnswer;NULL;63616;0.0353;-0.0285;0.9990;0.0405;0.0171;0.9990;0.0256;1.9073;-1.0403;357.2531;0.3915;357.7421;NULL;NULL;2787.89189785868;NULL;NULL;NULL;NULL;NULL;NULL;NULL;NULL;NULL;Circle;Unknown;NULL;NULL;NULL;NULL;4950;05/17/2022 09:21:43;2050.26878994852;NULL;NULL;NULL;NULL;NULL;NULL;NULL;NULL;NULL;NULL
3.485544;NULL;8.0000;Recenter;TargetFound;16;NULL;NULL;NULL;UserMustRecenter;NULL;63616;0.0353;-0.0285;0.9990;0.0405;0.0171;0.9990;0.0256;1.9073;-1.0403;357.2531;0.3915;357.7421;NULL;NULL;2787.8964754954;NULL;NULL;NULL;NULL;NULL;NULL;NULL;NULL;10.0000;NULL;NULL;NULL;NULL;NULL;NULL;4;05/17/2022 09:21:43;2050.26878994852;NULL;NULL;NULL;5;3;0.3136;1.8500;2.1256;NULL;NULL
3.217046;NULL;8.0000;TargetFound;Recenter;16;NULL;NULL;NULL;UserRecentered;NULL;63616;0.0308;-0.0304;0.9991;0.0364;0.0164;0.9992;0.0256;1.9073;-1.0403;357.2531;0.3915;357.7421;NULL;NULL;2787.90398281962;NULL;NULL;NULL;NULL;NULL;NULL;NULL;NULL;10.0000;NULL;NULL;NULL;NULL;NULL;NULL;7;05/17/2022 09:21:43;2050.26878994852;NULL;NULL;NULL;NULL;NULL;NULL;NULL;NULL;NULL;NULL
3.622771;23.58073;8.0000;NULL;NULL;16;2;6;NULL;TargetSpawned;NULL;63792;0.0415;-0.0333;0.9986;0.0453;0.0162;0.9988;0.0248;1.9079;-1.0407;357.0719;0.2903;357.8250;NULL;NULL;2789.87761563212;NULL;NULL;-0.5932;0.9229;1.9328;342.0000;168.0000;0.0000;10.0000;NULL;NULL;NULL;NULL;NULL;NULL;1973;05/17/2022 09:21:45;2050.26878994852;NULL;NULL;NULL;NULL;NULL;NULL;NULL;NULL;NULL;NULL
NULL;5.556649;8.0000;NULL;NULL;16;2;6;NULL;TargetLookedAt;NULL;63841;-0.0925;-0.3398;0.9359;-0.1011;-0.2886;0.9521;0.0250;1.9078;-1.0406;357.1204;0.2600;357.8146;NULL;NULL;2790.42485684306;NULL;NULL;-0.5932;0.9229;1.9328;342.0000;168.0000;0.0000;10.0000;NULL;NULL;NULL;NULL;NULL;NULL;547;05/17/2022 09:21:45;2050.26878994852;NULL;NULL;NULL;NULL;NULL;NULL;NULL;NULL;NULL;NULL
NULL;NULL;NULL;NULL;NULL;16;NULL;NULL;NULL;ShapeAnswer;NULL;64080;0.0629;-0.0459;0.9970;0.0639;0.0044;0.9979;0.0241;1.9079;-1.0433;356.9731;0.1486;357.7404;NULL;NULL;2793.13646572977;NULL;NULL;NULL;NULL;NULL;NULL;NULL;NULL;NULL;Square;Square;NULL;NULL;NULL;NULL;2711;05/17/2022 09:21:48;2050.26878994852;NULL;NULL;NULL;NULL;NULL;NULL;NULL;NULL;NULL;NULL
4.280433;NULL;8.0000;Recenter;TargetFound;17;NULL;NULL;NULL;UserMustRecenter;NULL;64080;0.0629;-0.0459;0.9970;0.0639;0.0044;0.9979;0.0241;1.9079;-1.0433;356.9731;0.1486;357.7404;NULL;NULL;2793.14037197977;NULL;NULL;NULL;NULL;NULL;NULL;NULL;NULL;10.0000;NULL;NULL;NULL;NULL;NULL;NULL;3;05/17/2022 09:21:48;2050.26878994852;NULL;NULL;NULL;5;3;0.3136;1.8500;2.1256;NULL;NULL
3.721523;NULL;8.0000;TargetFound;Recenter;17;NULL;NULL;NULL;UserRecentered;NULL;64083;0.0024;-0.0071;1.0000;0.0042;0.0457;0.9989;0.0241;1.9079;-1.0434;356.9678;0.1180;357.7295;NULL;NULL;2793.17241543681;NULL;NULL;NULL;NULL;NULL;NULL;NULL;NULL;10.0000;NULL;NULL;NULL;NULL;NULL;NULL;32;05/17/2022 09:21:48;2050.26878994852;NULL;NULL;NULL;NULL;NULL;NULL;NULL;NULL;NULL;NULL
2.902994;25.71049;8.0000;NULL;NULL;17;8;6;NULL;TargetSpawned;NULL;64262;0.0436;-0.0697;0.9966;0.0428;-0.0201;0.9989;0.0248;1.9077;-1.0419;357.0558;0.1217;357.6711;NULL;NULL;2795.1718661204;NULL;NULL;1.1605;0.9229;1.7485;342.0000;204.0000;0.0000;10.0000;NULL;NULL;NULL;NULL;NULL;NULL;1999;05/17/2022 09:21:50;2050.26878994852;NULL;NULL;NULL;NULL;NULL;NULL;NULL;NULL;NULL;NULL
NULL;4.693523;8.0000;NULL;NULL;17;8;6;NULL;TargetLookedAt;NULL;64305;0.4228;-0.2774;0.8627;0.4134;-0.2503;0.8755;0.0250;1.9076;-1.0419;357.0745;0.1628;357.6234;NULL;NULL;2795.71617764384;NULL;NULL;1.1605;0.9229;1.7485;342.0000;204.0000;0.0000;10.0000;NULL;NULL;NULL;NULL;NULL;NULL;544;05/17/2022 09:21:50;2050.26878994852;NULL;NULL;NULL;NULL;NULL;NULL;NULL;NULL;NULL;NULL
NULL;NULL;NULL;NULL;NULL;17;NULL;NULL;NULL;ShapeAnswer;NULL;64465;-0.0185;-0.0676;0.9975;-0.0198;-0.0122;0.9997;0.0253;1.9078;-1.0419;356.8819;0.0697;357.5938;NULL;NULL;2797.49248379618;NULL;NULL;NULL;NULL;NULL;NULL;NULL;NULL;NULL;Circle;Circle;NULL;NULL;NULL;NULL;1776;05/17/2022 09:21:52;2050.26878994852;NULL;NULL;NULL;NULL;NULL;NULL;NULL;NULL;NULL;NULL
0.7730374;NULL;8.0000;Recenter;TargetFound;18;NULL;NULL;NULL;UserMustRecenter;NULL;64465;-0.0185;-0.0676;0.9975;-0.0198;-0.0122;0.9997;0.0253;1.9078;-1.0419;356.8819;0.0697;357.5938;NULL;NULL;2797.49626797587;NULL;NULL;NULL;NULL;NULL;NULL;NULL;NULL;10.0000;NULL;NULL;NULL;NULL;NULL;NULL;3;05/17/2022 09:21:52;2050.26878994852;NULL;NULL;NULL;5;3;0.3136;1.8500;2.1256;NULL;NULL
0.8753631;NULL;8.0000;TargetFound;Recenter;18;NULL;NULL;NULL;UserRecentered;NULL;64465;-0.0196;-0.0656;0.9977;-0.0211;-0.0104;0.9997;0.0253;1.9078;-1.0419;356.8819;0.0697;357.5938;NULL;NULL;2797.50310391337;NULL;NULL;NULL;NULL;NULL;NULL;NULL;NULL;10.0000;NULL;NULL;NULL;NULL;NULL;NULL;6;05/17/2022 09:21:52;2050.26878994852;NULL;NULL;NULL;NULL;NULL;NULL;NULL;NULL;NULL;NULL
3.231194;26.41376;8.0000;NULL;NULL;18;7;6;NULL;TargetSpawned;NULL;64641;-0.0113;-0.0116;0.9999;-0.0132;0.0381;0.9992;0.0248;1.9073;-1.0410;357.1760;359.9151;357.6364;NULL;NULL;2799.50597256571;NULL;NULL;0.8817;0.9229;1.8555;342.0000;198.0000;0.0000;10.0000;NULL;NULL;NULL;NULL;NULL;NULL;2002;05/17/2022 09:21:54;2050.26878994852;NULL;NULL;NULL;NULL;NULL;NULL;NULL;NULL;NULL;NULL
NULL;6.053917;8.0000;NULL;NULL;18;7;6;NULL;TargetLookedAt;NULL;64678;0.2672;-0.2410;0.9330;0.2570;-0.2098;0.9434;0.0256;1.9068;-1.0404;357.4064;0.0271;357.5313;NULL;NULL;2799.9189364329;NULL;NULL;0.8817;0.9229;1.8555;342.0000;198.0000;0.0000;10.0000;NULL;NULL;NULL;NULL;NULL;NULL;412;05/17/2022 09:21:55;2050.26878994852;NULL;NULL;NULL;NULL;NULL;NULL;NULL;NULL;NULL;NULL
NULL;NULL;NULL;NULL;NULL;18;NULL;NULL;NULL;ShapeAnswer;NULL;64804;0.0384;-0.0896;0.9952;0.0325;-0.0385;0.9987;0.0241;1.9078;-1.0418;356.9687;359.8788;357.7181;NULL;NULL;2801.34264248759;NULL;NULL;NULL;NULL;NULL;NULL;NULL;NULL;NULL;Circle;Circle;NULL;NULL;NULL;NULL;1423;05/17/2022 09:21:56;2050.26878994852;NULL;NULL;NULL;NULL;NULL;NULL;NULL;NULL;NULL;NULL
2.580961;NULL;8.0000;Recenter;TargetFound;19;NULL;NULL;NULL;UserMustRecenter;NULL;64804;0.0384;-0.0896;0.9952;0.0325;-0.0385;0.9987;0.0241;1.9078;-1.0418;356.9687;359.8788;357.7181;NULL;NULL;2801.34648770243;NULL;NULL;NULL;NULL;NULL;NULL;NULL;NULL;10.0000;NULL;NULL;NULL;NULL;NULL;NULL;3;05/17/2022 09:21:56;2050.26878994852;NULL;NULL;NULL;5;3;0.3136;1.8500;2.1256;NULL;NULL
2.444646;NULL;8.0000;TargetFound;Recenter;19;NULL;NULL;NULL;UserRecentered;NULL;64804;0.0365;-0.0879;0.9955;0.0309;-0.0365;0.9989;0.0241;1.9078;-1.0418;356.9687;359.8788;357.7181;NULL;NULL;2801.35368985087;NULL;NULL;NULL;NULL;NULL;NULL;NULL;NULL;10.0000;NULL;NULL;NULL;NULL;NULL;NULL;7;05/17/2022 09:21:56;2050.26878994852;NULL;NULL;NULL;NULL;NULL;NULL;NULL;NULL;NULL;NULL
2.831237;28.74355;8.0000;NULL;NULL;19;10;1;NULL;TargetSpawned;NULL;64979;0.0060;-0.0223;0.9997;0.0051;0.0295;0.9996;0.0262;1.9076;-1.0421;357.0181;0.0094;357.4231;NULL;NULL;2803.34789151102;NULL;NULL;1.4672;2.4737;1.6833;12.0000;210.0000;0.0000;10.0000;NULL;NULL;NULL;NULL;NULL;NULL;1994;05/17/2022 09:21:58;2050.26878994852;NULL;NULL;NULL;NULL;NULL;NULL;NULL;NULL;NULL;NULL
NULL;2.94962;8.0000;NULL;NULL;19;10;1;NULL;TargetLookedAt;NULL;65029;0.4330;0.1126;0.8943;0.4390;0.1373;0.8879;0.0267;1.9073;-1.0416;357.1100;0.0810;357.3308;NULL;NULL;2803.90648526102;NULL;NULL;1.4672;2.4737;1.6833;12.0000;210.0000;0.0000;10.0000;NULL;NULL;NULL;NULL;NULL;NULL;558;05/17/2022 09:21:59;2050.26878994852;NULL;NULL;NULL;NULL;NULL;NULL;NULL;NULL;NULL;NULL
NULL;NULL;NULL;NULL;NULL;19;NULL;NULL;NULL;ShapeAnswer;NULL;65170;0.0099;-0.0156;0.9998;0.0107;0.0415;0.9991;0.0258;1.9081;-1.0428;356.6959;0.0977;357.4195;NULL;NULL;2805.47868985087;NULL;NULL;NULL;NULL;NULL;NULL;NULL;NULL;NULL;Circle;Circle;NULL;NULL;NULL;NULL;1572;05/17/2022 09:22:00;2050.26878994852;NULL;NULL;NULL;NULL;NULL;NULL;NULL;NULL;NULL;NULL
3.597334;NULL;8.0000;Recenter;TargetFound;20;NULL;NULL;NULL;UserMustRecenter;NULL;65170;0.0099;-0.0156;0.9998;0.0107;0.0415;0.9991;0.0258;1.9081;-1.0428;356.6959;0.0977;357.4195;NULL;NULL;2805.48247403056;NULL;NULL;NULL;NULL;NULL;NULL;NULL;NULL;10.0000;NULL;NULL;NULL;NULL;NULL;NULL;3;05/17/2022 09:22:00;2050.26878994852;NULL;NULL;NULL;5;3;0.3136;1.8500;2.1256;NULL;NULL
3.597334;NULL;8.0000;TargetFound;Recenter;20;NULL;NULL;NULL;UserRecentered;NULL;65170;0.0099;-0.0156;0.9998;0.0109;0.0416;0.9991;0.0258;1.9081;-1.0428;356.6959;0.0977;357.4195;NULL;NULL;2805.48955410868;NULL;NULL;NULL;NULL;NULL;NULL;NULL;NULL;10.0000;NULL;NULL;NULL;NULL;NULL;NULL;7;05/17/2022 09:22:00;2050.26878994852;NULL;NULL;NULL;NULL;NULL;NULL;NULL;NULL;NULL;NULL
2.589441;29.72283;8.0000;NULL;NULL;20;10;3;NULL;TargetSpawned;NULL;65346;0.0010;-0.0271;0.9996;-0.0020;0.0267;0.9996;0.0251;1.9077;-1.0418;356.9201;359.8955;357.4671;NULL;NULL;2807.49150723368;NULL;NULL;-1.4918;1.5364;1.7258;354.0000;150.0000;0.0000;10.0000;NULL;NULL;NULL;NULL;NULL;NULL;2001;05/17/2022 09:22:02;2050.26878994852;NULL;NULL;NULL;NULL;NULL;NULL;NULL;NULL;NULL;NULL
NULL;8.411041;8.0000;NULL;NULL;20;10;3;NULL;TargetLookedAt;NULL;65397;-0.3392;-0.2326;0.9115;-0.3516;-0.1741;0.9198;0.0247;1.9071;-1.0411;357.2694;359.8362;357.5321;NULL;NULL;2808.07012051493;NULL;NULL;-1.4918;1.5364;1.7258;354.0000;150.0000;0.0000;10.0000;NULL;NULL;NULL;NULL;NULL;NULL;578;05/17/2022 09:22:03;2050.26878994852;NULL;NULL;NULL;NULL;NULL;NULL;NULL;NULL;NULL;NULL
NULL;NULL;NULL;NULL;NULL;20;NULL;NULL;NULL;ShapeAnswer;NULL;65532;0.0070;-0.0620;0.9981;0.0010;-0.0077;1.0000;0.0248;1.9078;-1.0424;356.8381;359.8368;357.5350;NULL;NULL;2809.57762783915;NULL;NULL;NULL;NULL;NULL;NULL;NULL;NULL;NULL;Triangle;Triangle;NULL;NULL;NULL;NULL;1507;05/17/2022 09:22:04;2050.26878994852;NULL;NULL;NULL;NULL;NULL;NULL;NULL;NULL;NULL;NULL
0.8259051;NULL;8.0000;Recenter;TargetFound;21;NULL;NULL;NULL;UserMustRecenter;NULL;65532;0.0070;-0.0620;0.9981;0.0010;-0.0077;1.0000;0.0248;1.9078;-1.0424;356.8381;359.8368;357.5350;NULL;NULL;2809.58141201884;NULL;NULL;NULL;NULL;NULL;NULL;NULL;NULL;10.0000;NULL;NULL;NULL;NULL;NULL;NULL;3;05/17/2022 09:22:04;2050.26878994852;NULL;NULL;NULL;5;3;0.3136;1.8500;2.1256;NULL;NULL
0.6960504;NULL;8.0000;TargetFound;Recenter;21;NULL;NULL;NULL;UserRecentered;NULL;65532;0.0051;-0.0634;0.9980;-0.0005;-0.0084;1.0000;0.0248;1.9078;-1.0424;356.8381;359.8368;357.5350;NULL;NULL;2809.58855313212;NULL;NULL;NULL;NULL;NULL;NULL;NULL;NULL;10.0000;NULL;NULL;NULL;NULL;NULL;NULL;7;05/17/2022 09:22:04;2050.26878994852;NULL;NULL;NULL;NULL;NULL;NULL;NULL;NULL;NULL;NULL
1.883671;16.94925;8.0000;NULL;NULL;21;6;0;NULL;TargetSpawned;NULL;65704;0.0269;-0.0568;0.9980;0.0238;-0.0091;0.9997;0.0251;1.9070;-1.0412;357.1993;359.9698;357.3970;NULL;NULL;2811.59197110087;NULL;NULL;0.2982;2.7771;1.9795;18.0000;186.0000;0.0000;10.0000;NULL;NULL;NULL;NULL;NULL;NULL;2003;05/17/2022 09:22:06;2050.26878994852;NULL;NULL;NULL;NULL;NULL;NULL;NULL;NULL;NULL;NULL
NULL;8.878188;8.0000;NULL;NULL;21;6;0;NULL;TargetLookedAt;NULL;65738;0.2270;0.2010;0.9529;0.2349;0.2332;0.9436;0.0247;1.9065;-1.0406;357.4359;359.9554;357.4751;NULL;NULL;2811.97899502665;NULL;NULL;0.2982;2.7771;1.9795;18.0000;186.0000;0.0000;10.0000;NULL;NULL;NULL;NULL;NULL;NULL;387;05/17/2022 09:22:07;2050.26878994852;NULL;NULL;NULL;NULL;NULL;NULL;NULL;NULL;NULL;NULL
NULL;NULL;NULL;NULL;NULL;21;NULL;NULL;NULL;ShapeAnswer;NULL;65868;0.0381;-0.0284;0.9989;0.0302;0.0147;0.9994;0.0221;1.9064;-1.0409;357.4513;359.6052;357.7886;NULL;NULL;2813.41972988993;NULL;NULL;NULL;NULL;NULL;NULL;NULL;NULL;NULL;Square;Square;NULL;NULL;NULL;NULL;1440;05/17/2022 09:22:08;2050.26878994852;NULL;NULL;NULL;NULL;NULL;NULL;NULL;NULL;NULL;NULL
2.81675;NULL;8.0000;Recenter;TargetFound;22;NULL;NULL;NULL;UserMustRecenter;NULL;65868;0.0381;-0.0284;0.9989;0.0302;0.0147;0.9994;0.0221;1.9064;-1.0409;357.4513;359.6052;357.7886;NULL;NULL;2813.42351406962;NULL;NULL;NULL;NULL;NULL;NULL;NULL;NULL;10.0000;NULL;NULL;NULL;NULL;NULL;NULL;3;05/17/2022 09:22:08;2050.26878994852;NULL;NULL;NULL;5;3;0.3136;1.8500;2.1256;NULL;NULL
2.648485;NULL;8.0000;TargetFound;Recenter;22;NULL;NULL;NULL;UserRecentered;NULL;65868;0.0327;-0.0272;0.9991;0.0247;0.0160;0.9996;0.0221;1.9064;-1.0409;357.4513;359.6052;357.7886;NULL;NULL;2813.43053311259;NULL;NULL;NULL;NULL;NULL;NULL;NULL;NULL;10.0000;NULL;NULL;NULL;NULL;NULL;NULL;7;05/17/2022 09:22:08;2050.26878994852;NULL;NULL;NULL;NULL;NULL;NULL;NULL;NULL;NULL;NULL
2.050137;30.27001;8.0000;NULL;NULL;22;0;3;NULL;TargetSpawned;NULL;66043;0.0349;-0.0502;0.9981;0.0268;-0.0079;0.9996;0.0241;1.9064;-1.0403;357.4867;359.6607;357.5468;NULL;NULL;2815.42491787821;NULL;NULL;-1.5000;1.8500;1.7401;0.0000;150.0000;0.0000;10.0000;NULL;NULL;NULL;NULL;NULL;NULL;1994;05/17/2022 09:22:10;2050.26878994852;NULL;NULL;NULL;NULL;NULL;NULL;NULL;NULL;NULL;NULL
NULL;7.36663;8.0000;NULL;NULL;22;0;3;NULL;TargetLookedAt;NULL;66092;-0.3733;-0.1431;0.9166;-0.3832;-0.0894;0.9193;0.0245;1.9060;-1.0393;357.6916;359.7581;357.4691;NULL;NULL;2815.96935147196;NULL;NULL;-1.5000;1.8500;1.7401;0.0000;150.0000;0.0000;10.0000;NULL;NULL;NULL;NULL;NULL;NULL;544;05/17/2022 09:22:11;2050.26878994852;NULL;NULL;NULL;NULL;NULL;NULL;NULL;NULL;NULL;NULL
NULL;NULL;NULL;NULL;NULL;22;NULL;NULL;NULL;ShapeAnswer;NULL;66226;-0.0076;-0.0334;0.9994;-0.0154;0.0100;0.9998;0.0223;1.9063;-1.0400;357.5460;359.6274;357.8218;NULL;NULL;2817.46300381571;NULL;NULL;NULL;NULL;NULL;NULL;NULL;NULL;NULL;Triangle;Triangle;NULL;NULL;NULL;NULL;1493;05/17/2022 09:22:12;2050.26878994852;NULL;NULL;NULL;NULL;NULL;NULL;NULL;NULL;NULL;NULL
1.642348;NULL;8.0000;Recenter;TargetFound;23;NULL;NULL;NULL;UserMustRecenter;NULL;66226;-0.0076;-0.0334;0.9994;-0.0154;0.0100;0.9998;0.0223;1.9063;-1.0400;357.5460;359.6274;357.8218;NULL;NULL;2817.46684903056;NULL;NULL;NULL;NULL;NULL;NULL;NULL;NULL;10.0000;NULL;NULL;NULL;NULL;NULL;NULL;3;05/17/2022 09:22:12;2050.26878994852;NULL;NULL;NULL;5;3;0.3136;1.8500;2.1256;NULL;NULL
1.642348;NULL;8.0000;TargetFound;Recenter;23;NULL;NULL;NULL;UserRecentered;NULL;66226;-0.0076;-0.0334;0.9994;-0.0153;0.0097;0.9998;0.0223;1.9063;-1.0400;357.5460;359.6274;357.8218;NULL;NULL;2817.47386807352;NULL;NULL;NULL;NULL;NULL;NULL;NULL;NULL;10.0000;NULL;NULL;NULL;NULL;NULL;NULL;7;05/17/2022 09:22:12;2050.26878994852;NULL;NULL;NULL;NULL;NULL;NULL;NULL;NULL;NULL;NULL
1.659418;31.68305;8.0000;NULL;NULL;23;9;6;NULL;TargetSpawned;NULL;66406;0.0277;-0.0465;0.9985;0.0200;-0.0075;0.9998;0.0228;1.9060;-1.0395;357.7004;359.6681;357.6447;NULL;NULL;2819.48448819071;NULL;NULL;1.4266;0.9229;1.6129;342.0000;210.0000;0.0000;10.0000;NULL;NULL;NULL;NULL;NULL;NULL;2010;05/17/2022 09:22:14;2050.26878994852;NULL;NULL;NULL;NULL;NULL;NULL;NULL;NULL;NULL;NULL
NULL;4.69273;8.0000;NULL;NULL;23;9;6;NULL;TargetLookedAt;NULL;66453;0.4447;-0.2557;0.8584;0.4300;-0.2371;0.8711;0.0234;1.9064;-1.0397;357.5128;359.7823;357.5362;NULL;NULL;2820.00133389384;NULL;NULL;1.4266;0.9229;1.6129;342.0000;210.0000;0.0000;10.0000;NULL;NULL;NULL;NULL;NULL;NULL;516;05/17/2022 09:22:15;2050.26878994852;NULL;NULL;NULL;NULL;NULL;NULL;NULL;NULL;NULL;NULL
NULL;NULL;NULL;NULL;NULL;23;NULL;NULL;NULL;ShapeAnswer;NULL;66580;0.0149;-0.0256;0.9996;0.0085;0.0211;0.9997;0.0239;1.9067;-1.0409;357.2960;359.6773;357.4939;NULL;NULL;2821.49516934306;NULL;NULL;NULL;NULL;NULL;NULL;NULL;NULL;NULL;Circle;Circle;NULL;NULL;NULL;NULL;1493;05/17/2022 09:22:16;2050.26878994852;NULL;NULL;NULL;NULL;NULL;NULL;NULL;NULL;NULL;NULL
2.399228;NULL;8.0000;Recenter;TargetFound;24;NULL;NULL;NULL;UserMustRecenter;NULL;66580;0.0149;-0.0256;0.9996;0.0085;0.0211;0.9997;0.0239;1.9067;-1.0409;357.2960;359.6773;357.4939;NULL;NULL;2821.49889248759;NULL;NULL;NULL;NULL;NULL;NULL;NULL;NULL;10.0000;NULL;NULL;NULL;NULL;NULL;NULL;3;05/17/2022 09:22:16;2050.26878994852;NULL;NULL;NULL;5;3;0.3136;1.8500;2.1256;NULL;NULL
2.253422;NULL;8.0000;TargetFound;Recenter;24;NULL;NULL;NULL;UserRecentered;NULL;66580;0.0158;-0.0286;0.9995;0.0089;0.0179;0.9998;0.0239;1.9067;-1.0409;357.2960;359.6773;357.4939;NULL;NULL;2821.50609463602;NULL;NULL;NULL;NULL;NULL;NULL;NULL;NULL;10.0000;NULL;NULL;NULL;NULL;NULL;NULL;7;05/17/2022 09:22:16;2050.26878994852;NULL;NULL;NULL;NULL;NULL;NULL;NULL;NULL;NULL;NULL
4.956222;29.07939;8.0000;NULL;NULL;24;10;2;NULL;TargetSpawned;NULL;66759;-0.0203;0.0163;0.9997;-0.0214;0.0675;0.9975;0.0250;1.9069;-1.0420;357.1262;359.8850;356.8894;NULL;NULL;2823.50829190165;NULL;NULL;1.4918;2.1636;1.7258;6.0000;210.0000;0.0000;10.0000;NULL;NULL;NULL;NULL;NULL;NULL;2002;05/17/2022 09:22:18;2050.26878994852;NULL;NULL;NULL;NULL;NULL;NULL;NULL;NULL;NULL;NULL
NULL;0.5101407;8.0000;NULL;NULL;24;10;2;NULL;TargetLookedAt;NULL;66807;0.4572;0.0695;0.8866;0.4590;0.0844;0.8844;0.0260;1.9065;-1.0400;357.5774;359.9327;357.1800;NULL;NULL;2824.04424160868;NULL;NULL;1.4918;2.1636;1.7258;6.0000;210.0000;0.0000;10.0000;NULL;NULL;NULL;NULL;NULL;NULL;535;05/17/2022 09:22:19;2050.26878994852;NULL;NULL;NULL;NULL;NULL;NULL;NULL;NULL;NULL;NULL
NULL;NULL;NULL;NULL;NULL;24;NULL;NULL;NULL;ShapeAnswer;NULL;67182;0.0620;-0.0353;0.9975;0.0396;-0.0022;0.9992;0.0274;1.9055;-1.0336;357.9200;358.8312;356.9503;NULL;NULL;2828.27501553446;NULL;NULL;NULL;NULL;NULL;NULL;NULL;NULL;NULL;Triangle;Unknown;NULL;NULL;NULL;NULL;4230;05/17/2022 09:22:23;2050.26878994852;NULL;NULL;NULL;NULL;NULL;NULL;NULL;NULL;NULL;NULL
2.898675;NULL;8.0000;Recenter;TargetFound;25;NULL;NULL;NULL;UserMustRecenter;NULL;67182;0.0620;-0.0353;0.9975;0.0396;-0.0022;0.9992;0.0274;1.9055;-1.0336;357.9200;358.8312;356.9503;NULL;NULL;2828.27867764384;NULL;NULL;NULL;NULL;NULL;NULL;NULL;NULL;10.0000;NULL;NULL;NULL;NULL;NULL;NULL;3;05/17/2022 09:22:23;2050.26878994852;NULL;NULL;NULL;5;3;0.3136;1.8500;2.1256;NULL;NULL
2.958036;NULL;8.0000;TargetFound;Recenter;25;NULL;NULL;NULL;UserRecentered;NULL;67182;0.0639;-0.0376;0.9973;0.0414;-0.0047;0.9991;0.0274;1.9055;-1.0336;357.9200;358.8312;356.9503;NULL;NULL;2828.28600186259;NULL;NULL;NULL;NULL;NULL;NULL;NULL;NULL;10.0000;NULL;NULL;NULL;NULL;NULL;NULL;7;05/17/2022 09:22:23;2050.26878994852;NULL;NULL;NULL;NULL;NULL;NULL;NULL;NULL;NULL;NULL
3.80313;17.58142;8.0000;NULL;NULL;25;7;0;NULL;TargetSpawned;NULL;67361;0.0667;-0.0158;0.9976;0.0544;0.0049;0.9985;0.0261;1.9039;-1.0321;358.6202;359.3448;357.0881;NULL;NULL;2830.28081387431;NULL;NULL;0.5932;2.7771;1.9328;18.0000;192.0000;0.0000;10.0000;NULL;NULL;NULL;NULL;NULL;NULL;1994;05/17/2022 09:22:25;2050.26878994852;NULL;NULL;NULL;NULL;NULL;NULL;NULL;NULL;NULL;NULL
NULL;9.833054;8.0000;NULL;NULL;25;7;0;NULL;TargetLookedAt;NULL;67405;0.1270;0.1031;0.9865;0.1216;0.1221;0.9850;0.0266;1.9040;-1.0333;358.5080;359.3851;357.0477;NULL;NULL;2830.82414883524;NULL;NULL;0.5932;2.7771;1.9328;18.0000;192.0000;0.0000;10.0000;NULL;NULL;NULL;NULL;NULL;NULL;543;05/17/2022 09:22:25;2050.26878994852;NULL;NULL;NULL;NULL;NULL;NULL;NULL;NULL;NULL;NULL
NULL;NULL;NULL;NULL;NULL;25;NULL;NULL;NULL;ShapeAnswer;NULL;67563;0.0419;-0.0144;0.9990;0.0265;0.0144;0.9995;0.0276;1.9045;-1.0355;358.2169;359.1578;356.7474;NULL;NULL;2832.59728115946;NULL;NULL;NULL;NULL;NULL;NULL;NULL;NULL;NULL;Square;Square;NULL;NULL;NULL;NULL;1773;05/17/2022 09:22:27;2050.26878994852;NULL;NULL;NULL;NULL;NULL;NULL;NULL;NULL;NULL;NULL
2.696677;NULL;8.0000;Recenter;TargetFound;26;NULL;NULL;NULL;UserMustRecenter;NULL;67563;0.0419;-0.0144;0.9990;0.0265;0.0144;0.9995;0.0276;1.9045;-1.0355;358.2169;359.1578;356.7474;NULL;NULL;2832.60100430399;NULL;NULL;NULL;NULL;NULL;NULL;NULL;NULL;10.0000;NULL;NULL;NULL;NULL;NULL;NULL;3;05/17/2022 09:22:27;2050.26878994852;NULL;NULL;NULL;5;3;0.3136;1.8500;2.1256;NULL;NULL
2.906229;NULL;8.0000;TargetFound;Recenter;26;NULL;NULL;NULL;UserRecentered;NULL;67563;0.0485;-0.0163;0.9987;0.0328;0.0120;0.9994;0.0276;1.9045;-1.0355;358.2169;359.1578;356.7474;NULL;NULL;2832.60826748759;NULL;NULL;NULL;NULL;NULL;NULL;NULL;NULL;10.0000;NULL;NULL;NULL;NULL;NULL;NULL;7;05/17/2022 09:22:27;2050.26878994852;NULL;NULL;NULL;NULL;NULL;NULL;NULL;NULL;NULL;NULL
5.795894;28.71528;8.0000;NULL;NULL;26;1;6;NULL;TargetSpawned;NULL;67742;0.0963;-0.0206;0.9951;0.0888;0.0033;0.9960;0.0322;1.9042;-1.0342;358.2655;359.6586;356.2166;NULL;NULL;2834.61070889384;NULL;NULL;-0.8817;0.9229;1.8555;342.0000;162.0000;0.0000;10.0000;NULL;NULL;NULL;NULL;NULL;NULL;2002;05/17/2022 09:22:29;2050.26878994852;NULL;NULL;NULL;NULL;NULL;NULL;NULL;NULL;NULL;NULL
NULL;8.523138;8.0000;NULL;NULL;26;1;6;NULL;TargetLookedAt;NULL;67779;-0.1119;-0.3463;0.9314;-0.1414;-0.3133;0.9391;0.0306;1.9040;-1.0336;358.4454;359.4916;356.4531;NULL;NULL;2835.02330655009;NULL;NULL;-0.8817;0.9229;1.8555;342.0000;162.0000;0.0000;10.0000;NULL;NULL;NULL;NULL;NULL;NULL;412;05/17/2022 09:22:30;2050.26878994852;NULL;NULL;NULL;NULL;NULL;NULL;NULL;NULL;NULL;NULL
NULL;NULL;NULL;NULL;NULL;26;NULL;NULL;NULL;ShapeAnswer;NULL;67906;0.0636;-0.0968;0.9933;0.0507;-0.0646;0.9966;0.0286;1.9049;-1.0358;357.9494;359.5718;356.6738;NULL;NULL;2836.50713223368;NULL;NULL;NULL;NULL;NULL;NULL;NULL;NULL;NULL;Circle;Circle;NULL;NULL;NULL;NULL;1483;05/17/2022 09:22:31;2050.26878994852;NULL;NULL;NULL;NULL;NULL;NULL;NULL;NULL;NULL;NULL
4.362556;NULL;8.0000;Recenter;TargetFound;27;NULL;NULL;NULL;UserMustRecenter;NULL;67906;0.0636;-0.0968;0.9933;0.0507;-0.0646;0.9966;0.0286;1.9049;-1.0358;357.9494;359.5718;356.6738;NULL;NULL;2836.51085537821;NULL;NULL;NULL;NULL;NULL;NULL;NULL;NULL;10.0000;NULL;NULL;NULL;NULL;NULL;NULL;3;05/17/2022 09:22:31;2050.26878994852;NULL;NULL;NULL;5;3;0.3136;1.8500;2.1256;NULL;NULL
0.7950006;NULL;8.0000;TargetFound;Recenter;27;NULL;NULL;NULL;UserRecentered;NULL;67906;0.0154;-0.0535;0.9984;0.0048;-0.0186;0.9998;0.0286;1.9049;-1.0358;357.9494;359.5718;356.6738;NULL;NULL;2836.51799649149;NULL;NULL;NULL;NULL;NULL;NULL;NULL;NULL;10.0000;NULL;NULL;NULL;NULL;NULL;NULL;7;05/17/2022 09:22:31;2050.26878994852;NULL;NULL;NULL;NULL;NULL;NULL;NULL;NULL;NULL;NULL
3.306123;25.09193;8.0000;NULL;NULL;27;9;0;NULL;TargetSpawned;NULL;68085;0.0542;-0.0278;0.9981;0.0455;0.0018;0.9990;0.0285;1.9045;-1.0350;358.1204;359.5993;356.6349;NULL;NULL;2838.5195223704;NULL;NULL;1.1605;2.7771;1.7485;18.0000;204.0000;0.0000;10.0000;NULL;NULL;NULL;NULL;NULL;NULL;2001;05/17/2022 09:22:33;2050.26878994852;NULL;NULL;NULL;NULL;NULL;NULL;NULL;NULL;NULL;NULL
NULL;4.715966;8.0000;NULL;NULL;27;9;0;NULL;TargetLookedAt;NULL;68124;0.3510;0.1910;0.9167;0.3547;0.2004;0.9132;0.0284;1.9045;-1.0350;358.1021;359.5726;356.6453;NULL;NULL;2838.95494717509;NULL;NULL;1.1605;2.7771;1.7485;18.0000;204.0000;0.0000;10.0000;NULL;NULL;NULL;NULL;NULL;NULL;435;05/17/2022 09:22:34;2050.26878994852;NULL;NULL;NULL;NULL;NULL;NULL;NULL;NULL;NULL;NULL
NULL;NULL;NULL;NULL;NULL;27;NULL;NULL;NULL;ShapeAnswer;NULL;68255;0.0231;-0.0177;0.9996;0.0112;0.0153;0.9998;0.0266;1.9048;-1.0353;358.0297;359.3875;356.8935;NULL;NULL;2840.41618985087;NULL;NULL;NULL;NULL;NULL;NULL;NULL;NULL;NULL;Triangle;Triangle;NULL;NULL;NULL;NULL;1461;05/17/2022 09:22:35;2050.26878994852;NULL;NULL;NULL;NULL;NULL;NULL;NULL;NULL;NULL;NULL
2.190531;NULL;8.0000;Recenter;TargetFound;28;NULL;NULL;NULL;UserMustRecenter;NULL;68255;0.0231;-0.0177;0.9996;0.0112;0.0153;0.9998;0.0266;1.9048;-1.0353;358.0297;359.3875;356.8935;NULL;NULL;2840.4199129954;NULL;NULL;NULL;NULL;NULL;NULL;NULL;NULL;10.0000;NULL;NULL;NULL;NULL;NULL;NULL;3;05/17/2022 09:22:35;2050.26878994852;NULL;NULL;NULL;5;3;0.3136;1.8500;2.1256;NULL;NULL
2.190531;NULL;8.0000;TargetFound;Recenter;28;NULL;NULL;NULL;UserRecentered;NULL;68255;0.0231;-0.0177;0.9996;0.0115;0.0154;0.9998;0.0266;1.9048;-1.0353;358.0297;359.3875;356.8935;NULL;NULL;2840.42711514384;NULL;NULL;NULL;NULL;NULL;NULL;NULL;NULL;10.0000;NULL;NULL;NULL;NULL;NULL;NULL;7;05/17/2022 09:22:35;2050.26878994852;NULL;NULL;NULL;NULL;NULL;NULL;NULL;NULL;NULL;NULL
3.101541;16.85974;8.0000;NULL;NULL;28;5;0;NULL;TargetSpawned;NULL;68570;0.0562;-0.0368;0.9977;0.0453;-0.0089;0.9989;0.0261;1.9042;-1.0338;358.2325;359.4880;357.0272;NULL;NULL;2844.00353115946;NULL;NULL;0.0000;2.7771;1.9952;18.0000;180.0000;0.0000;10.0000;NULL;NULL;NULL;NULL;NULL;NULL;3576;05/17/2022 09:22:39;2050.26878994852;NULL;NULL;NULL;NULL;NULL;NULL;NULL;NULL;NULL;NULL
NULL;5.473248;8.0000;NULL;NULL;28;5;0;NULL;TargetLookedAt;NULL;68613;0.0133;0.1601;0.9870;0.0127;0.1864;0.9824;0.0262;1.9038;-1.0334;358.4136;359.4786;357.0338;NULL;NULL;2844.48399990946;NULL;NULL;0.0000;2.7771;1.9952;18.0000;180.0000;0.0000;10.0000;NULL;NULL;NULL;NULL;NULL;NULL;480;05/17/2022 09:22:39;2050.26878994852;NULL;NULL;NULL;NULL;NULL;NULL;NULL;NULL;NULL;NULL
NULL;NULL;NULL;NULL;NULL;28;NULL;NULL;NULL;ShapeAnswer;NULL;68736;0.0160;-0.0038;0.9999;0.0026;0.0263;0.9997;0.0245;1.9042;-1.0350;358.2337;359.2597;357.2230;NULL;NULL;2845.87493008524;NULL;NULL;NULL;NULL;NULL;NULL;NULL;NULL;NULL;Triangle;Triangle;NULL;NULL;NULL;NULL;1390;05/17/2022 09:22:41;2050.26878994852;NULL;NULL;NULL;NULL;NULL;NULL;NULL;NULL;NULL;NULL
NULL;NULL;8.0000;NULL;NULL;29;NULL;NULL;NULL;TestFinished;0.6500;68736;0.0160;-0.0038;0.9999;0.0026;0.0263;0.9997;0.0245;1.9042;-1.0350;358.2337;359.2597;357.2230;0;1;2845.87975186259;EyeGaze;NULL;NULL;NULL;NULL;NULL;NULL;NULL;10.0000;NULL;NULL;0.1000;NULL;NULL;1;4;05/17/2022 09:22:41;2050.26878994852;60.0000;36.0000;6.0000;5;3;0.3136;1.8500;2.1256;7;11
NULL;NULL;8.0000;NULL;NULL;29;NULL;NULL;NULL;TestCancelled;0.6500;68736;0.0483;-0.0297;0.9984;0.0339;-0.0012;0.9994;0.0000;1.8800;-0.9250;0.0000;0.0000;0.0000;0;1;2845.91496914774;EyeGaze;NULL;NULL;NULL;NULL;NULL;NULL;NULL;10.0000;NULL;NULL;0.1000;NULL;NULL;1;35;05/17/2022 09:22:41;2050.26878994852;60.0000;36.0000;6.0000;5;3;0.3136;1.8500;2.1256;7;11
